"State or Nation","Overall Rating","Health Inspection Rating","QM Rating","Staffing Rating","Cycle 1 Total Number of Health Deficiencies","Cycle 1 Total Number of Fire Safety Deficiencies","Cycle 2 Total Number of Health Deficiencies","Cycle 2 Total Number of Fire Safety Deficiencies","Cycle 3 Total Number of Health Deficiencies","Cycle 3 Total Number of Fire Safety Deficiencies","Average Number of Residents per Day","Reported Nurse Aide Staffing Hours per Resident per Day","Reported LPN Staffing Hours per Resident per Day","Reported RN Staffing Hours per Resident per Day","Reported Licensed Staffing Hours per Resident per Day","Reported Total Nurse Staffing Hours per Resident per Day","Total number of nurse staff hours per resident per day on the weekend","Registered Nurse hours per resident per day on the weekend","Reported Physical Therapist Staffing Hours per Resident Per Day","Total nursing staff turnover","Registered Nurse turnover","Number of administrators who have left the nursing home","Nursing Case-Mix Index","Case-Mix RN Staffing Hours per Resident per Day","Case-Mix Total Nurse Staffing Hours per Resident per Day","Case-Mix Weekend Total Nurse Staffing Hours per Resident per Day","Number of Fines","Fine Amount in Dollars","Percentage of long stay residents whose need for help with daily activities has increased","Percentage of long stay residents who lose too much weight","Percentage of long stay residents with a catheter inserted and left in their bladder","Percentage of long stay residents with a urinary tract infection","Percentage of long stay residents who have depressive symptoms","Percentage of long stay residents who were physically restrained","Percentage of long stay residents experiencing one or more falls with major injury","Percentage of long stay residents assessed and appropriately given the pneumococcal vaccine","Percentage of long stay residents who received an antipsychotic medication","Percentage of short stay residents assessed and appropriately given the pneumococcal vaccine","Percentage of short stay residents who newly received an antipsychotic medication","Percentage of long stay residents whose ability to walk independently worsened","Percentage of long stay residents who received an antianxiety or hypnotic medication","Percentage of long stay residents assessed and appropriately given the seasonal influenza vaccine","Percentage of short stay residents who were assessed and appropriately given the seasonal influenza vaccine","Percentage of long stay residents with pressure ulcers","Percentage of long stay residents with new or worsened bowel or bladder incontinence","Percentage of short stay residents who were rehospitalized after a nursing home admission","Percentage of short stay residents who had an outpatient emergency department visit","Number of hospitalizations per 1000 long-stay resident days","Number of outpatient emergency department visits per 1000 long-stay resident days","Processing Date"
NATION,3.0,2.8,3.6,2.9,9.3,4.5,9.9,4.7,9.4,4.4,86.0,2.32,0.86,0.68532,1.54,3.86139,3.42319,0.48,0.07,45.8,42.9,0.5,1.41185,0.68043,3.83384,3.39876,0.9,31591,13.873069,5.190116,0.820066,1.587856,12.799439,0.125556,3.233889,93.545604,15.390658,82.045421,1.560030,14.075154,19.523618,95.460012,79.753562,4.623555,19.012626,23.751565,11.989323,1.895700,1.785524,2026-07-01
AK,3.5,2.9,3.9,4.5,8.9,5.5,8.3,5.8,8.1,5.3,37.0,3.95,0.66,2.08337,2.74,6.69272,5.98258,1.59,0.07,48.3,46.0,0.4,1.30142,0.63171,3.55935,3.15543,0.6,32041,16.711089,5.330798,1.448989,2.537309,6.480887,0.160632,3.175953,93.297296,18.754052,80.014783,0.474032,19.546476,14.664446,95.988691,85.532227,6.945250,20.004017,14.999513,10.973455,1.003194,1.360734,2026-07-01
AL,3.0,2.8,3.2,3.6,3.9,3.6,2.8,3.3,3.4,3.2,98.1,2.44,0.79,0.65229,1.44,3.88131,3.26518,0.36,0.03,46.9,39.5,0.4,1.23122,0.59764,3.36737,2.98523,0.4,14386,12.002104,5.407468,0.951145,2.350931,1.431669,0.602162,3.290436,92.234354,21.201609,85.252110,2.005770,12.080630,24.503897,94.763337,80.315428,5.366177,12.807062,24.789340,11.336502,1.964451,1.704715,2026-07-01
AR,3.5,3.2,3.7,3.3,2.9,2.0,7.9,2.2,8.0,1.9,77.2,2.67,0.95,0.40816,1.35,4.02615,3.45672,0.28,0.03,49.5,44.8,0.3,1.20314,0.58401,3.29057,2.91714,0.5,9031,9.475316,4.284583,0.589381,1.183132,1.391587,0.059515,3.878812,95.058843,10.868438,81.987416,1.281191,10.072397,21.697572,96.081418,77.659401,4.239679,13.524990,24.105613,12.516856,2.007911,2.132253,2026-07-01
AZ,3.4,2.8,4.5,2.9,6.7,3.2,7.3,3.2,7.9,3.4,88.1,2.23,1.04,0.69893,1.74,3.97147,3.50100,0.49,0.10,45.1,43.6,0.4,1.43255,0.69537,3.91801,3.47338,0.5,8325,10.692493,5.291480,0.769241,1.200203,3.912837,0.302096,2.130980,96.857689,10.646752,91.801168,1.169330,12.846973,21.009120,94.582325,87.343381,4.358887,20.603170,23.655746,10.376990,1.468832,1.422756,2026-07-01
CA,3.2,2.8,4.1,3.3,15.5,6.3,17.2,6.9,17.2,7.5,87.9,2.65,1.20,0.66844,1.87,4.51791,4.09338,0.51,0.09,36.7,38.2,0.4,1.50162,0.72889,4.10691,3.64084,0.9,25346,10.248065,4.039481,0.769752,1.217009,7.275270,0.358924,1.615665,98.613618,12.074899,94.429881,1.454139,9.782029,13.713498,98.208577,93.214900,4.282791,10.229256,22.950677,11.243212,2.245706,1.572374,2026-07-01
CO,3.1,2.7,4.1,3.1,8.7,6.1,8.8,5.6,7.7,4.9,74.8,2.22,0.68,0.82668,1.51,3.72332,3.29774,0.61,0.08,47.1,44.6,0.5,1.36065,0.66046,3.72135,3.29904,1.3,25570,13.357377,4.748115,0.609184,1.446257,8.755057,0.079173,3.405829,93.519676,20.032371,76.392360,1.575677,13.338353,11.504480,94.731634,75.632475,3.377842,21.244414,20.293329,12.069423,1.376208,1.741080,2026-07-01
CT,3.0,2.7,3.6,3.2,13.5,4.4,14.0,4.6,9.1,2.6,103.1,2.22,0.82,0.68532,1.50,3.72747,3.36608,0.45,0.08,37.4,38.6,0.5,1.38787,0.67368,3.79581,3.36505,0.9,23176,17.953615,6.458034,0.744976,1.463970,22.333654,0.003193,3.480874,88.648850,17.698934,71.778658,1.463409,16.382334,17.643370,93.482189,69.701915,3.974303,24.702256,24.289524,10.747110,2.055037,1.461786,2026-07-01
DC,3.4,2.8,4.4,4.0,23.8,1.8,18.7,2.1,20.9,2.2,126.9,2.63,0.63,1.60929,2.24,4.87242,4.44879,1.33,0.12,34.0,32.5,0.7,1.44300,0.70044,3.94658,3.49871,1.4,78690,20.224590,5.319595,1.134674,1.425429,6.389806,0.530221,1.128495,91.677491,8.027386,66.504739,0.811347,16.842485,12.354777,96.987631,73.216685,7.648729,21.386550,18.454032,8.625968,1.254889,0.551269,2026-07-01
DE,3.2,2.7,4.0,4.0,10.9,0.7,13.6,1.5,12.8,1.0,90.1,2.40,0.98,0.96516,1.95,4.34546,3.89370,0.64,0.11,41.3,41.2,0.5,1.32932,0.64526,3.63566,3.22307,1.4,65189,12.717315,5.419493,0.446472,2.056264,10.330774,0.008711,3.214908,95.715828,10.674622,83.508683,0.988859,13.577338,21.846391,97.414316,83.067465,3.465257,20.228804,23.346527,11.604712,1.807059,1.403535,2026-07-01
FL,3.3,2.8,4.2,3.3,7.2,2.8,6.7,2.3,5.8,2.5,108.9,2.31,0.78,0.73046,1.51,3.82440,3.49109,0.53,0.09,41.4,46.0,0.7,1.33586,0.64843,3.65356,3.23894,1.0,26414,8.729283,5.539781,0.312923,0.657991,4.645980,0.040746,2.508586,98.212039,8.602745,95.247467,1.463762,9.492499,14.386697,99.187337,94.727038,4.464629,10.516967,26.141528,9.107713,2.133777,1.145252,2026-07-01
GA,2.7,2.9,2.9,2.3,5.3,3.3,6.1,3.7,5.4,2.6,90.0,2.14,0.93,0.50206,1.43,3.57229,3.11209,0.35,0.05,46.0,44.5,0.5,1.42736,0.69284,3.90379,3.46078,0.7,14385,15.259220,5.572067,0.877284,2.471950,11.259200,0.060623,3.193003,91.373544,19.914540,80.284422,2.613801,15.175687,20.518287,95.007202,78.351179,5.582172,15.781273,24.996269,11.632254,2.145420,1.899272,2026-07-01
GU,2.0,1.0,,5.0,18.0,6.0,17.0,6.0,17.0,8.0,19.7,3.68,1.56,2.47955,4.04,7.72020,7.01143,2.39,0.24,15.6,16.7,,1.28228,0.62243,3.50703,3.10904,1.0,13247,0.000000,3.030303,4.239373,12.121212,4.651163,0.000000,0.000000,100.000000,,98.198198,0.000000,,6.976744,,90.625000,6.015606,0.000000,,,,,2026-07-01
HI,3.7,2.9,4.3,4.5,9.6,1.8,12.3,1.3,12.9,1.7,81.9,2.90,0.33,1.76119,2.10,4.99178,4.42412,1.33,0.09,36.4,31.5,0.1,1.49621,0.72626,4.09210,3.62771,0.7,20555,16.759451,4.884355,0.983032,2.424136,1.150929,0.287970,1.937782,96.138195,11.880958,82.677615,1.405669,20.449940,9.092678,95.447398,84.710992,3.411094,17.649160,19.427170,10.285210,1.091594,0.875744,2026-07-01
IA,3.1,2.8,3.3,3.6,6.2,3.6,6.4,4.4,7.9,5.1,52.3,2.51,0.56,0.74078,1.30,3.81340,3.36858,0.51,0.04,44.1,42.2,0.4,1.23005,0.59707,3.36415,2.98238,0.6,17821,17.116036,4.575532,1.514253,2.387489,4.151502,0.211576,3.840873,93.930375,19.455798,84.013932,2.093830,16.678308,20.827638,95.286750,73.268936,4.181868,25.598854,20.896683,13.238349,1.491696,2.075086,2026-07-01
ID,3.1,2.7,4.1,3.1,9.8,3.5,7.4,2.8,9.3,4.8,56.9,2.44,0.74,0.85627,1.60,4.04398,3.49299,0.56,0.10,50.3,40.9,0.3,1.45180,0.70471,3.97066,3.52005,0.6,14176,15.581779,5.155539,1.214131,1.990501,15.147207,0.052155,2.963817,97.278826,20.098429,91.221845,1.840750,16.079141,16.311188,96.237045,86.505348,3.239773,22.125012,17.698439,12.307758,1.168980,1.658755,2026-07-01
IL,2.6,2.7,3.0,2.1,12.3,5.5,12.8,5.8,12.8,5.8,95.4,2.09,0.64,0.71476,1.35,3.44432,3.07396,0.56,0.05,44.4,41.8,0.5,1.67492,0.81301,4.58087,4.06102,2.2,113857,13.360308,6.250620,0.911706,1.513076,54.216078,0.090132,3.069541,90.296338,21.664593,69.650817,2.226649,14.288293,18.297532,91.751855,63.065433,4.824145,20.571255,26.054978,13.853786,2.021583,2.217305,2026-07-01
IN,3.1,2.8,4.1,2.5,7.2,5.6,7.8,5.2,8.2,5.9,72.5,2.23,0.78,0.66351,1.45,3.67527,3.23935,0.46,0.06,45.9,40.3,0.5,1.53075,0.74303,4.18656,3.71146,0.3,8321,11.005211,5.463803,0.358453,1.083486,25.246684,0.042177,3.879869,93.569247,13.558421,81.759036,1.187988,11.863054,23.457166,95.394462,79.014577,3.622217,23.306568,22.179036,10.827961,1.610499,1.442293,2026-07-01
KS,3.1,2.9,3.2,3.5,9.5,9.0,10.3,9.7,7.7,9.5,50.5,2.69,0.65,0.71447,1.36,4.05248,3.58642,0.49,0.04,48.1,42.0,0.3,1.27159,0.61723,3.47776,3.08310,1.1,21956,17.904735,4.913779,1.569883,2.913696,6.479512,0.021779,4.275294,92.134797,18.088063,76.068396,1.852771,16.189483,23.206675,95.483967,73.773855,4.398169,22.550513,22.364568,11.474033,1.799635,2.130952,2026-07-01
KY,3.0,3.0,3.2,2.7,3.1,3.2,4.3,3.9,5.5,2.1,81.9,2.36,0.80,0.77601,1.57,3.93357,3.47059,0.52,0.07,46.4,41.8,0.4,1.53318,0.74421,4.19321,3.71735,0.8,17738,13.844864,6.645445,0.532186,1.567505,17.674928,0.169112,3.857457,94.267945,16.102957,84.035778,1.712214,14.013260,29.780574,96.246348,83.535178,4.777467,19.045178,24.234274,13.699122,1.936690,2.138628,2026-07-01
LA,2.5,2.9,2.2,2.4,7.0,0.7,9.3,1.0,8.6,1.0,90.7,2.27,1.15,0.30010,1.45,3.72466,3.18108,0.20,0.04,47.6,41.6,0.5,1.30579,0.63384,3.57132,3.16604,0.9,48414,17.783129,5.181487,1.230702,2.098668,2.275970,0.225790,3.480516,93.355997,22.666344,85.852855,3.118818,17.870052,23.183330,94.919665,76.180897,5.605213,15.807729,28.027282,14.772924,2.559109,2.735638,2026-07-01
MA,3.0,3.0,3.3,3.1,7.6,4.3,9.9,4.7,12.3,3.0,98.5,2.26,0.95,0.65492,1.61,3.87162,3.48626,0.46,0.08,38.2,42.6,0.5,1.40486,0.68193,3.84228,3.40624,0.8,36346,16.394308,5.083345,0.814919,1.795221,15.493783,0.105008,3.445446,92.600342,21.427727,78.320353,1.350117,15.403882,19.471270,94.849107,77.732581,4.224765,21.167592,25.685987,11.872866,1.875800,1.503236,2026-07-01
MD,3.1,2.8,3.9,3.2,17.3,9.1,19.6,9.7,15.0,4.1,105.7,2.12,0.91,0.84624,1.75,3.87760,3.47432,0.63,0.10,40.2,38.7,0.5,1.43777,0.69790,3.93229,3.48604,0.6,23186,20.380036,5.421059,0.544486,1.474980,22.803707,0.044233,2.435050,92.609780,13.797215,79.124391,1.100183,22.173151,16.710976,96.639771,80.628911,5.903859,24.955459,20.966437,9.806274,1.329975,1.199336,2026-07-01
ME,3.1,2.9,2.8,4.1,11.0,6.9,11.5,5.9,7.9,5.3,65.2,2.83,0.46,1.05460,1.51,4.33835,3.92052,0.73,0.07,46.7,40.2,0.4,1.33481,0.64792,3.65068,3.23639,0.4,7951,24.411609,5.238796,1.074889,2.231616,11.583836,0.013528,4.064313,92.254962,20.191223,72.705315,1.180644,25.567408,17.407606,95.489211,74.474297,4.252084,29.229206,20.841704,16.066924,1.448533,2.006192,2026-07-01
MI,3.1,2.8,3.9,3.6,10.1,4.9,10.9,5.0,11.6,5.5,85.9,2.33,0.88,0.78053,1.66,3.98740,3.49691,0.49,0.07,44.1,39.2,0.4,1.30344,0.63270,3.56489,3.16034,0.8,32660,10.774912,5.427997,0.802694,1.544529,4.325144,0.134785,2.954671,95.337164,14.828447,83.299364,1.137104,11.986318,19.407628,94.958551,79.475171,5.116257,19.981148,23.993127,11.675652,1.837343,1.635147,2026-07-01
MN,3.2,2.9,3.1,4.2,7.4,4.0,8.2,4.5,7.8,4.7,60.3,2.51,0.62,1.05808,1.67,4.18838,3.70267,0.69,0.07,42.2,38.6,0.6,1.21710,0.59079,3.32875,2.95099,0.9,22907,18.229603,4.054352,1.911024,2.570338,4.142571,0.062882,3.973674,97.356104,17.086977,88.089683,1.859674,20.524305,12.518874,96.111258,82.674725,5.169949,24.451534,23.501157,14.759710,1.606708,1.895208,2026-07-01
MO,2.5,2.8,2.7,2.2,11.6,6.1,13.1,7.4,11.4,6.5,73.0,2.29,0.68,0.46113,1.14,3.43307,3.01584,0.33,0.04,56.1,47.8,0.7,1.34783,0.65424,3.68629,3.26796,0.9,35433,18.116287,5.280550,1.094610,2.327424,18.475947,0.040000,4.063785,84.085773,23.548728,65.723661,2.213468,17.428691,25.578074,90.898353,63.477310,4.530090,17.754222,26.046379,13.678681,2.114787,2.328687,2026-07-01
MS,2.8,2.8,2.2,3.8,6.6,0.4,6.6,0.4,4.7,0.5,73.6,2.43,1.11,0.64061,1.75,4.17926,3.50776,0.38,0.04,45.7,38.5,0.4,1.20898,0.58684,3.30653,2.93129,1.1,19339,20.519330,6.253736,1.399093,2.489483,1.605034,0.175342,3.118641,95.445404,21.843079,88.531273,2.494680,19.522780,23.826987,96.997342,84.604741,6.310353,20.679232,27.695531,15.468056,2.437007,2.873448,2026-07-01
MT,2.9,2.8,3.0,3.6,11.5,5.7,10.6,5.4,9.6,5.4,56.7,2.57,0.50,0.97751,1.47,4.04638,3.58625,0.71,0.06,54.8,48.4,0.4,1.19154,0.57838,3.25883,2.88901,1.6,56443,18.702364,6.173096,2.089096,2.896760,5.576198,0.558465,4.428643,96.479913,20.445548,81.175036,1.249920,17.241587,15.825939,93.649512,73.764182,6.348510,24.053831,19.178147,14.470275,1.377650,2.164501,2026-07-01
NC,2.9,2.9,3.3,2.7,5.0,3.9,6.7,4.3,7.2,2.7,86.9,2.32,0.88,0.61053,1.50,3.81599,3.38706,0.40,0.09,49.1,45.7,0.7,1.35614,0.65828,3.70902,3.28811,1.2,37582,15.566542,7.153391,0.711087,2.271479,5.920058,0.027450,3.515383,92.022878,13.982011,80.614141,1.443345,18.323955,21.309344,94.117093,78.103468,5.499474,20.715582,22.886104,12.933889,1.783301,1.801844,2026-07-01
ND,3.2,2.9,2.7,4.2,5.6,1.1,5.8,1.1,5.3,1.3,63.3,2.97,0.52,0.93151,1.45,4.41968,3.80497,0.59,0.04,48.8,40.3,0.2,1.21020,0.58744,3.30987,2.93426,1.0,27715,19.783999,5.770262,1.589998,2.635197,4.368007,0.190902,5.103270,98.581058,22.659276,92.266672,1.478222,17.593217,17.427153,98.788950,88.294225,4.935995,24.903425,19.936289,11.378522,1.488728,1.864131,2026-07-01
NE,2.8,2.8,3.0,3.2,7.0,5.3,6.6,5.4,5.0,6.8,55.1,2.64,0.67,0.66593,1.34,3.97973,3.48431,0.47,0.05,48.7,44.1,0.5,1.29733,0.62973,3.54818,3.14552,0.4,9138,18.995778,5.135335,1.446072,2.795454,4.259860,0.315184,4.481235,92.995632,20.699316,80.939397,2.013033,18.163513,19.301080,96.089688,75.910717,4.031110,25.929793,20.664661,11.405000,1.812573,1.915133,2026-07-01
NH,3.0,2.8,3.2,3.3,4.1,2.9,4.3,2.8,5.2,2.5,81.7,2.35,0.78,0.78485,1.56,3.91093,3.48197,0.55,0.07,44.1,40.9,0.4,1.36604,0.66308,3.73608,3.31210,0.6,7713,22.666731,5.365112,1.071743,2.098919,13.693097,0.151623,4.387112,97.343709,17.832351,86.803493,1.272108,17.487695,18.986521,97.954547,82.952572,4.187870,25.676891,22.245602,13.449817,1.641900,1.867806,2026-07-01
NJ,3.3,2.8,4.4,3.0,8.7,6.8,8.3,5.3,5.6,3.3,122.2,2.23,0.93,0.68422,1.62,3.85094,3.49923,0.50,0.11,39.7,37.7,0.5,1.40875,0.68381,3.85290,3.41566,0.8,34510,8.702804,4.590084,0.606211,0.760732,12.098830,0.115197,2.252109,93.011079,12.708652,79.024632,1.226639,8.208286,18.822764,97.189843,80.059105,5.428697,15.608087,24.881609,8.142022,2.072088,1.106792,2026-07-01
NM,2.9,2.7,3.8,2.8,17.4,8.7,16.2,4.0,16.4,4.7,84.9,2.21,0.70,0.62828,1.33,3.53305,3.10059,0.46,0.08,53.3,53.6,0.7,1.26841,0.61569,3.46909,3.07540,1.4,42966,11.298686,3.996242,0.914335,0.926120,2.033734,0.003551,3.512631,96.728406,14.521364,85.943523,1.091659,11.681378,14.691725,98.734314,86.411271,5.191983,20.049099,21.959917,15.717424,1.653602,2.806125,2026-07-01
NV,3.3,3.0,3.8,3.3,9.0,8.8,11.0,8.9,13.4,10.2,94.3,2.37,0.84,1.09491,1.94,4.30047,3.82640,0.87,0.10,45.1,43.4,0.4,1.50627,0.73115,4.11962,3.65211,0.5,13342,12.639381,5.477952,1.632452,1.930469,5.052969,0.056853,2.007077,92.883155,17.079053,84.617123,1.823155,13.520455,22.214383,89.583725,80.734497,5.369106,15.540932,23.168351,9.642400,1.847221,1.446167,2026-07-01
NY,3.0,2.7,3.9,2.8,8.0,5.5,6.4,5.6,5.7,4.1,167.8,2.15,0.76,0.71023,1.47,3.62484,3.18104,0.48,0.11,40.3,39.8,0.4,1.44151,0.69972,3.94252,3.49511,0.6,23520,14.099263,5.813029,0.516519,1.256142,19.430311,0.170242,3.078113,91.501509,13.697682,77.467177,1.158330,12.477183,13.251549,95.267218,78.822133,6.499540,19.490991,20.593776,9.613193,1.701731,1.357287,2026-07-01
OH,3.2,2.8,4.4,2.4,10.5,5.8,10.4,6.4,10.2,5.8,73.7,2.09,0.95,0.64178,1.60,3.68416,3.27989,0.43,0.05,48.7,43.9,0.6,1.52109,0.73835,4.16016,3.68806,0.5,23027,5.321925,6.192682,0.181239,0.449777,30.078027,0.061319,3.181204,92.650805,8.816109,78.473203,1.185850,6.139441,25.472985,94.478265,75.597771,3.355536,21.395797,24.890251,12.890311,1.730972,1.802619,2026-07-01
OK,2.7,2.8,2.8,2.6,6.6,2.3,8.3,2.2,7.8,3.8,61.2,2.53,0.91,0.33839,1.25,3.78411,3.43470,0.28,0.02,55.5,53.6,0.6,1.16780,0.56686,3.19391,2.83146,1.1,21196,13.551659,3.267917,1.889281,2.754604,3.350478,0.078569,4.684436,90.955144,17.481732,75.813976,1.808596,13.656015,25.678570,94.619517,74.143983,4.744869,17.130890,27.338934,16.571273,2.306401,2.962077,2026-07-01
OR,3.1,2.8,3.5,3.8,9.3,3.5,12.6,4.3,12.0,4.3,58.1,3.40,0.91,0.73051,1.64,5.04191,4.51435,0.49,0.09,47.4,51.6,0.6,1.31331,0.63749,3.59187,3.18426,0.8,26899,14.917400,4.663496,1.426874,1.991894,4.898178,0.144072,2.442431,95.212656,13.945521,85.584843,1.370551,20.612355,12.439296,95.216340,81.213732,5.782605,21.779985,21.352047,16.140271,1.480804,2.353280,2026-07-01
PA,3.0,2.8,3.6,3.0,10.1,3.6,10.8,4.1,10.7,4.0,104.7,2.19,0.91,0.78955,1.70,3.88920,3.53058,0.56,0.10,44.5,39.9,0.6,1.41209,0.68544,3.86205,3.42378,0.8,25733,16.772999,6.156882,0.705821,1.451987,10.787599,0.157361,3.149510,87.528453,17.749051,70.031487,1.418058,17.025510,20.016561,93.527075,68.732550,4.825039,25.546603,22.526446,9.540482,1.617483,1.178277,2026-07-01
PR,2.9,2.8,,3.2,7.0,8.6,29.4,13.1,10.8,11.8,26.7,0.00,0.66,3.21526,3.87,3.87236,3.04346,2.44,0.47,35.7,35.7,0.3,1.30872,0.63526,3.57933,3.17313,0.2,4537,,,,,,,,,,98.011492,0.343438,,,,97.871754,,,,,,,2026-07-01
RI,2.9,2.9,3.1,3.2,8.8,1.7,9.3,2.1,10.0,1.9,98.3,2.46,0.49,0.76327,1.26,3.71423,3.33697,0.55,0.06,40.6,37.9,0.4,1.36766,0.66387,3.74052,3.31604,2.1,67412,19.558709,5.061872,0.851727,2.540817,17.240819,0.054136,3.642458,94.086246,22.799208,79.031921,1.980020,16.840884,16.697344,95.238171,78.163385,4.156475,22.287055,24.276400,14.639092,1.594759,1.678490,2026-07-01
SC,3.0,2.9,3.5,3.0,3.6,0.6,4.6,0.9,4.5,0.7,92.1,2.19,1.02,0.62910,1.65,3.83481,3.33009,0.41,0.08,45.9,42.1,0.3,1.32053,0.64099,3.61162,3.20176,1.1,14338,11.939843,6.306032,0.611325,1.295048,3.100095,0.134907,3.169225,91.682923,15.317169,81.472126,1.472400,12.703079,21.001237,90.621978,78.042548,5.121863,16.718401,24.321550,13.936129,2.039822,1.838952,2026-07-01
SD,2.9,2.8,2.8,3.6,7.0,1.4,6.5,1.3,3.4,1.5,52.1,2.53,0.48,0.80080,1.28,3.80699,3.27684,0.51,0.05,48.2,34.7,0.3,1.24764,0.60561,3.41227,3.02504,1.6,32146,21.348745,5.604725,2.069141,2.916264,5.708220,0.024513,5.490190,94.945672,24.610845,83.539856,1.969830,19.357049,17.415927,96.912570,78.184976,4.555689,25.360531,19.934701,12.028129,1.516327,1.750425,2026-07-01
TN,3.0,2.9,3.6,2.4,5.1,3.8,4.8,2.8,4.7,2.8,84.0,2.12,1.09,0.59750,1.68,3.80101,3.30415,0.39,0.08,48.9,43.2,0.6,1.48782,0.72219,4.06915,3.60737,0.5,24540,14.028148,6.080689,0.697215,1.762491,13.837149,0.078359,3.404940,89.439148,16.849260,79.301540,1.655257,17.222675,31.702447,94.483473,79.783716,4.988355,19.969107,22.607457,11.209196,1.674210,1.560024,2026-07-01
TX,2.7,2.8,3.7,1.9,9.1,3.1,9.4,3.0,9.0,2.3,75.7,2.01,0.95,0.43447,1.38,3.38617,2.97854,0.34,0.07,55.3,54.6,0.7,1.38864,0.67405,3.79790,3.36690,1.6,48442,15.841367,3.024741,0.342064,0.825260,2.384493,0.033713,3.273972,96.519999,9.570503,88.867215,1.490120,14.015995,18.006736,97.951749,88.027981,3.786888,13.420828,25.700105,12.252035,2.172841,2.067194,2026-07-01
UT,3.3,2.8,4.6,3.0,8.5,2.2,8.8,2.4,9.4,1.8,60.9,2.35,0.48,1.24755,1.72,4.07030,3.56392,0.88,0.11,50.7,40.6,0.5,1.49935,0.72779,4.10070,3.63534,0.9,25208,11.251795,3.355096,0.728722,1.820498,16.497287,0.053664,2.512206,97.442186,14.188714,93.755583,0.903411,15.119061,25.305441,98.040759,90.956051,3.928366,21.543437,16.547136,11.579494,1.245757,1.425868,2026-07-01
VA,3.0,2.8,3.9,2.4,14.4,2.8,12.7,4.6,11.8,4.6,99.6,2.08,1.00,0.69430,1.69,3.77084,3.29735,0.46,0.09,48.1,48.2,0.6,1.45438,0.70596,3.97771,3.52630,0.6,21642,14.853224,5.408856,0.423348,1.613257,18.692228,0.133854,3.569784,90.891028,14.243129,73.735336,1.271494,15.572783,20.605832,93.956400,73.637997,4.674032,21.816559,22.339825,11.511866,1.517418,1.481403,2026-07-01
VT,2.9,2.8,2.8,3.3,8.7,0.7,9.1,0.8,10.2,1.9,74.1,2.54,0.88,0.80031,1.68,4.22030,3.66106,0.52,0.11,55.4,39.9,0.6,1.38226,0.67095,3.78046,3.35144,1.3,92507,19.293409,6.624198,0.669347,2.411669,13.004256,0.097159,5.885821,94.879897,19.946294,83.440916,1.127839,17.430326,16.399180,97.547304,78.450394,5.256933,26.841314,21.971821,17.915963,1.522989,2.884134,2026-07-01
WA,3.2,2.8,4.0,3.6,16.2,10.4,18.1,11.0,15.3,11.5,76.0,2.67,0.77,0.94138,1.71,4.37495,3.81053,0.67,0.09,45.4,45.7,0.6,1.46641,0.71180,4.01059,3.55546,1.2,54105,14.219155,5.525524,0.967312,1.570080,17.683205,0.141507,2.580964,95.953441,15.125333,88.309598,1.267145,17.220345,12.417080,93.842072,81.983185,4.288234,22.513617,19.881548,13.379034,1.330019,1.520621,2026-07-01
WI,3.0,2.8,3.1,3.6,9.6,6.4,9.8,6.8,8.1,5.8,54.8,2.58,0.64,0.99234,1.63,4.21602,3.76933,0.68,0.06,46.9,39.7,0.5,1.39911,0.67914,3.82655,3.39230,0.9,42694,16.121260,5.058959,2.093541,2.653429,5.684540,0.062760,3.272766,95.737321,15.827485,86.502252,1.209705,18.437542,16.940263,94.975038,82.213890,5.007819,24.604403,23.092400,15.485594,1.663897,2.287851,2026-07-01
WV,3.0,2.9,3.6,2.6,11.9,2.9,15.2,3.5,14.8,2.6,78.4,2.04,0.90,0.73027,1.63,3.66455,3.17192,0.40,0.04,44.1,42.3,0.7,1.46879,0.71296,4.01712,3.56125,0.8,28825,14.723592,6.331868,0.378246,1.550808,7.642416,0.169153,4.428208,96.350262,13.367677,79.089222,1.046206,15.906191,26.985951,97.552785,79.421705,4.153002,22.052496,22.451459,11.335558,1.797449,1.836018,2026-07-01
WY,3.0,2.8,3.3,3.6,7.4,5.9,6.5,5.0,6.6,6.7,55.6,2.43,0.50,0.93947,1.44,3.86766,3.36560,0.64,0.03,51.8,44.1,0.6,1.23010,0.59709,3.36429,2.98250,1.1,22092,16.831187,5.939206,1.494552,3.052576,6.518242,0.131592,4.665694,94.255789,21.821442,76.999337,1.175815,15.267552,15.440673,94.311740,77.018715,4.605058,22.686432,18.914846,16.679830,1.289203,2.269062,2026-07-01
